country,year,students
ABW,2013,2.0
ABW,2014,2.0
ABW,2015,1.0
AND,2016,2.0
AND,2017,1.0
AND,2018,2.0
AND,2019,2.0
AND,2020,1.0
AND,2023,3.0
AND,2024,4.0
ОАЭ,2011,331.0
ОАЭ,2012,286.0
ARG,2016,110.0
ARG,2017,131.0
ARG,2018,148.0
ARG,2019,148.0
ARG,2020,135.0
ARG,2021,145.0
ARG,2022,123.0
ARG,2023,185.0
Армения,2003,290.0
Армения,2004,662.0
Армения,2005,477.0
Армения,2006,680.0
Армения,2007,828.0
Армения,2008,967.0
Армения,2009,1331.0
Армения,2010,1175.0
Армения,2011,1140.0
Армения,2012,1062.0
Армения,2013,903.0
Армения,2014,1277.0
Армения,2015,1140.0
Армения,2016,1268.0
Армения,2017,1357.0
Армения,2018,1255.0
Армения,2019,1421.0
Армения,2020,1283.0
Армения,2021,1782.0
Армения,2022,2082.0
Армения,2023,1923.0
Армения,2024,2761.0
Австралия,2000,207.0
Австралия,2002,599.0
Австралия,2003,661.0
Австралия,2004,476.0
Австралия,2005,447.0
Австралия,2006,442.0
Австралия,2007,530.0
Австралия,2008,618.0
Австралия,2009,764.0
Австралия,2010,846.0
Австралия,2011,889.0
Австралия,2012,897.0
Австралия,2013,968.0
Австралия,2014,1028.0
Австралия,2015,880.0
Австралия,2016,859.0
Австралия,2017,737.0
Австралия,2018,796.0
Австралия,2019,708.0
Австралия,2020,590.0
Австралия,2021,473.0
Австралия,2022,477.0
Австралия,2023,589.0
Австралия,2024,683.0
Австрия,2000,300.0
Австрия,2001,341.0
Австрия,2002,263.0
Австрия,2003,278.0
Австрия,2004,338.0
Австрия,2006,418.0
Австрия,2007,522.0
Австрия,2008,587.5
Австрия,2009,753.0
Австрия,2010,858.0
Австрия,2011,975.0
Австрия,2012,754.0
Австрия,2013,1003.666687011719
Австрия,2014,939.173583984375
Австрия,2015,1128.004028320313
Австрия,2016,1257.006103515625
Австрия,2017,1389.966674804688
Австрия,2018,1447.449951171875
Австрия,2019,1479.247924804688
Австрия,2020,1538.8955078125
Австрия,2021,1674.37158203125
Австрия,2022,1792.999389648438
Австрия,2023,1949.85498046875
Австрия,2024,2345.48486328125
Азербайджан,2006,171.0
Азербайджан,2007,150.0
Азербайджан,2008,158.0
Азербайджан,2009,224.0
Азербайджан,2010,263.0
Азербайджан,2011,221.0
Азербайджан,2012,177.0
Азербайджан,2013,232.0
Азербайджан,2014,213.0
Азербайджан,2015,270.0
Азербайджан,2016,306.0
Азербайджан,2017,441.0
Азербайджан,2018,593.0
Азербайджан,2019,522.0
Азербайджан,2020,481.0
Азербайджан,2021,428.0
Азербайджан,2022,477.0
Азербайджан,2023,451.0
Азербайджан,2024,618.0
Бельгия,2000,143.0
Бельгия,2001,200.0
Бельгия,2002,271.0
Бельгия,2003,285.0
Бельгия,2005,89.0
Бельгия,2006,73.0
Бельгия,2007,132.0
Бельгия,2008,14.0
Бельгия,2009,152.0
Бельгия,2010,188.0
Бельгия,2011,244.0
Бельгия,2012,244.0
Бельгия,2013,273.0
Бельгия,2014,264.0
Бельгия,2015,213.0
Бельгия,2016,287.0
Бельгия,2017,302.0
Бельгия,2018,180.0
Бельгия,2019,43.0
Бельгия,2020,302.0
Бельгия,2021,316.0
Бельгия,2022,312.0
Бельгия,2023,284.0
BEN,2019,1.0
Болгария,2000,80.0
Болгария,2001,67.0
Болгария,2003,127.0
Болгария,2004,112.0
Болгария,2005,88.0
Болгария,2006,93.0
Болгария,2007,126.0
Болгария,2008,142.0
Болгария,2009,163.0
Болгария,2010,200.0
Болгария,2011,219.0
Болгария,2012,235.0
Болгария,2013,255.0
Болгария,2014,269.0
Болгария,2015,288.0
Болгария,2016,301.0
Болгария,2017,283.0
Болгария,2018,309.0
Болгария,2019,315.0
Болгария,2020,316.0
Болгария,2021,312.0
Болгария,2022,335.0
Болгария,2023,325.0
Болгария,2024,264.0
BHR,2003,1.0
BHR,2014,1.0
BHR,2015,2.0
BHR,2016,3.0
BHR,2017,5.0
BHR,2018,3.0
BHR,2019,3.0
BHR,2020,5.0
BHR,2021,4.0
BHR,2022,3.0
BHR,2023,3.0
BHR,2024,4.0
BIH,2013,4.0
BIH,2014,4.0
BIH,2015,6.0
BIH,2016,6.0
BIH,2017,4.0
BIH,2018,9.0
BIH,2019,6.0
BIH,2020,5.0
BIH,2021,7.0
BIH,2022,11.0
BIH,2023,21.0
Беларусь,2008,2622.0
Беларусь,2009,2546.0
Беларусь,2010,2543.0
Беларусь,2011,2596.0
Беларусь,2012,2567.0
Беларусь,2013,2061.0
Беларусь,2014,2128.0
Беларусь,2015,1953.0
Беларусь,2016,1578.0
Беларусь,2017,1647.0
Беларусь,2018,1952.0
Беларусь,2019,1796.0
Беларусь,2020,1912.0
Беларусь,2021,1902.0
Беларусь,2022,1756.0
Беларусь,2023,1804.0
Беларусь,2024,1901.0
BRA,2002,4.0
BRA,2003,2.0
BRA,2004,4.0
BRA,2009,40.0
BRA,2010,33.0
BRA,2011,36.0
BRA,2012,36.0
BRA,2014,47.0
BRA,2015,38.0
BRA,2016,34.0
BRA,2017,36.0
BRA,2018,45.0
BRA,2019,44.0
BRA,2020,47.0
BRA,2021,52.0
BRA,2022,56.0
BRA,2023,58.0
BRA,2024,61.0
BRB,2009,1.0
BRB,2010,1.0
BRB,2011,1.0
BRN,2012,1.0
BRN,2014,2.0
BRN,2015,2.0
BRN,2016,1.0
BRN,2017,1.0
BRN,2018,3.0
BRN,2019,2.0
BRN,2020,2.0
Канада,2000,273.0
Канада,2001,288.0
Канада,2002,351.0
Канада,2003,384.0
Канада,2004,351.0
Канада,2005,348.0
Канада,2006,489.0
Канада,2007,472.0
Канада,2008,527.0
Канада,2009,504.0
Канада,2010,504.0
Канада,2011,663.0
Канада,2012,483.0
Канада,2013,1140.0
Канада,2014,1554.0
Канада,2015,1647.0
Канада,2016,1704.0
Канада,2017,1497.0
Канада,2018,1606.613647460938
Канада,2019,1383.0
Канада,2020,1473.0
Канада,2021,1464.0
Канада,2022,1527.0
Канада,2023,1242.0
Швейцария,2000,327.0
Швейцария,2001,377.0
Швейцария,2002,458.0
Швейцария,2003,495.0
Швейцария,2004,571.0
Швейцария,2005,609.0
Швейцария,2006,573.0
Швейцария,2007,609.0
Швейцария,2008,638.0
Швейцария,2009,675.0
Швейцария,2010,719.0
Швейцария,2011,792.0
Швейцария,2012,873.0
Швейцария,2013,594.0
Швейцария,2014,1021.0
Швейцария,2015,1011.0
Швейцария,2016,975.0
Швейцария,2017,969.0
Швейцария,2018,934.0
Швейцария,2019,954.0
Швейцария,2020,979.0
Швейцария,2021,1026.0
Швейцария,2022,1003.0
Швейцария,2023,1025.0
Швейцария,2024,1048.0
CHL,2000,5.0
CHL,2002,10.0
CHL,2003,6.0
CHL,2005,8.0
CHL,2007,10.0
CHL,2008,15.0
CHL,2009,4.0
CHL,2010,14.0
CHL,2012,2.0
CHL,2013,1.0
CHL,2014,2.0
CHL,2015,6.0
CHL,2016,1.0
CHL,2017,6.0
CHL,2018,3.0
CHL,2019,7.0
CHL,2020,8.0
CHL,2021,10.0
CHL,2022,11.0
CHL,2023,10.0
CHL,2024,16.0
CIV,2017,1.0
CIV,2019,1.0
CIV,2020,1.0
CIV,2021,1.0
COG,2013,3.0
COL,2014,23.0
COL,2015,22.0
COL,2016,10.0
COL,2017,10.0
COL,2018,11.0
COL,2019,10.0
COL,2020,5.0
COL,2021,9.0
COL,2022,7.0
CRI,2004,3.0
CRI,2008,10.0
CRI,2017,3.0
CRI,2018,5.0
CUB,2000,1.0
CUB,2001,1.0
CUB,2002,1.0
CUB,2013,1.0
CUB,2017,1.0
CUB,2018,1.0
CUB,2019,1.0
CUB,2020,6.0
CUB,2021,1.0
CUB,2023,1.0
Кипр,2000,233.0
Кипр,2001,208.0
Кипр,2002,193.0
Кипр,2003,197.0
Кипр,2004,216.0
Кипр,2005,228.0
Кипр,2006,163.0
Кипр,2007,183.0
Кипр,2008,191.0
Кипр,2009,192.0
Кипр,2010,199.0
Кипр,2011,187.0
Кипр,2012,174.0
Кипр,2013,134.0
Кипр,2014,232.0
Кипр,2015,171.0
Кипр,2016,157.0
Кипр,2017,157.0
Кипр,2018,180.0
Кипр,2019,156.0
Кипр,2020,142.0
Кипр,2021,186.0
Кипр,2022,152.0
Кипр,2023,366.0
Кипр,2024,433.0
Чехия,2000,110.0
Чехия,2001,160.0
Чехия,2002,203.0
Чехия,2003,305.0
Чехия,2004,407.0
Чехия,2005,609.0
Чехия,2006,782.0
Чехия,2007,1088.0
Чехия,2008,1405.0
Чехия,2009,1768.0
Чехия,2010,2297.0
Чехия,2011,2588.0
Чехия,2012,2912.0
Чехия,2013,3455.0
Чехия,2014,4379.0
Чехия,2015,5305.0
Чехия,2016,5771.0
Чехия,2017,5979.0
Чехия,2018,5859.0
Чехия,2019,4372.0
Чехия,2020,6407.0
Чехия,2021,7710.0
Чехия,2022,8255.0
Чехия,2023,7781.0
Германия,2013,9480.0
Германия,2014,9668.0
Германия,2015,9953.0
Германия,2016,9711.0
Германия,2017,9620.0
Германия,2018,10121.0
Германия,2019,9646.0
Германия,2020,11055.0
Германия,2021,11149.0
Германия,2022,11369.0
Германия,2023,11024.0
Германия,2024,10974.0
Дания,2000,113.0
Дания,2001,122.0
Дания,2002,187.0
Дания,2003,317.0
Дания,2004,71.0
Дания,2005,74.0
Дания,2006,74.0
Дания,2007,72.0
Дания,2008,56.0
Дания,2009,72.0
Дания,2010,97.0
Дания,2011,93.0
Дания,2012,102.0
Дания,2013,187.0
Дания,2014,186.0
Дания,2015,195.0
Дания,2016,189.0
Дания,2017,156.0
Дания,2018,138.0
Дания,2019,128.0
Дания,2020,120.0
Дания,2021,121.0
Дания,2022,131.0
Дания,2023,126.0
Дания,2024,118.0
DOM,2012,4.0
DOM,2014,3.0
DOM,2015,4.0
DOM,2016,8.0
DOM,2017,7.0
DOM,2020,7.0
DOM,2021,7.0
DOM,2022,4.0
DOM,2023,10.0
DOM,2024,9.0
ECU,2012,22.0
ECU,2014,11.0
ECU,2015,19.0
ECU,2016,19.0
ECU,2018,16.0
ECU,2019,18.0
ECU,2023,18.0
EGY,2013,231.0
EGY,2014,210.0
EGY,2016,216.0
EGY,2020,211.0
EGY,2024,143.0
Испания,2000,93.0
Испания,2001,112.0
Испания,2002,148.0
Испания,2003,218.0
Испания,2004,61.0
Испания,2005,77.0
Испания,2006,135.0
Испания,2007,136.0
Испания,2008,329.0
Испания,2009,485.0
Испания,2010,643.0
Испания,2011,665.0
Испания,2012,718.0
Испания,2013,733.0
Испания,2016,485.0
Испания,2017,597.0
Испания,2018,655.0
Испания,2019,682.0
Испания,2020,670.0
Испания,2021,678.0
Испания,2022,717.0
Испания,2023,781.0
Испания,2024,798.0
Эстония,2000,119.0
Эстония,2001,48.0
Эстония,2002,106.0
Эстония,2003,101.0
Эстония,2004,99.0
Эстония,2005,79.0
Эстония,2006,79.0
Эстония,2007,93.0
Эстония,2008,51.0
Эстония,2009,57.0
Эстония,2011,149.0
Эстония,2012,127.0
Эстония,2013,168.0
Эстония,2014,187.0
Эстония,2015,230.0
Эстония,2016,255.0
Эстония,2017,287.5
Эстония,2018,303.0
Эстония,2019,396.0
Эстония,2020,468.0
Эстония,2021,485.0
Эстония,2022,541.0
Эстония,2023,451.0
Эстония,2024,313.0
Финляндия,2000,656.0
Финляндия,2001,764.0
Финляндия,2002,911.0
Финляндия,2003,1079.0
Финляндия,2004,1140.0
Финляндия,2005,1127.0
Финляндия,2007,1182.0
Финляндия,2008,1291.0
Финляндия,2009,1378.0
Финляндия,2010,1595.0
Финляндия,2011,1776.0
Финляндия,2012,2107.0
Финляндия,2013,2206.0
Финляндия,2014,2555.0
Финляндия,2015,2799.0
Финляндия,2016,2799.0
Финляндия,2017,2733.0
Финляндия,2018,2344.0
Финляндия,2019,2017.0
Финляндия,2020,1728.0
Финляндия,2021,1996.0
Финляндия,2022,2039.0
Финляндия,2023,2026.0
Финляндия,2024,2066.0
Франция,2000,1453.0
Франция,2001,1658.0
Франция,2002,1924.0
Франция,2003,2537.0
Франция,2004,2597.0
Франция,2005,2672.0
Франция,2006,3083.0
Франция,2007,3219.0
Франция,2008,3347.0
Франция,2009,3593.0
Франция,2010,3822.0
Франция,2011,4193.0
Франция,2012,4300.0
Франция,2013,3643.0
Франция,2014,3599.0
Франция,2015,3648.0
Франция,2016,3555.0
Франция,2017,3691.0
Франция,2018,2945.0
Франция,2019,2785.0
Франция,2020,2751.0
Франция,2021,2752.0
Франция,2022,2685.08251953125
Франция,2023,3001.464599609375
Франция,2024,3158.7265625
Великобритания,2000,1058.0
Великобритания,2001,1370.0
Великобритания,2002,1461.0
Великобритания,2003,1601.0
Великобритания,2004,1878.0
Великобритания,2005,2027.0
Великобритания,2006,2187.0
Великобритания,2007,2580.0
Великобритания,2008,2646.0
Великобритания,2009,2953.0
Великобритания,2010,3159.0
Великобритания,2011,3303.0
Великобритания,2012,3574.0
Великобритания,2013,3604.0
Великобритания,2014,3933.0
Великобритания,2015,4092.0
Великобритания,2016,3974.0
Великобритания,2017,3920.0
Великобритания,2018,3752.0
Великобритания,2019,3640.0
Великобритания,2020,3376.0
Великобритания,2021,3357.0
Великобритания,2022,3331.0
Великобритания,2023,3028.0
Грузия,2004,3.0
Грузия,2005,3.0
Грузия,2006,16.0
Грузия,2007,28.0
Грузия,2008,37.0
Грузия,2009,84.0
Грузия,2010,77.0
Грузия,2011,337.0
Грузия,2012,125.0
Грузия,2013,167.0
Грузия,2015,157.0
Грузия,2016,254.0
Грузия,2017,248.0
Грузия,2018,257.0
Грузия,2019,306.0
Грузия,2020,312.0
Грузия,2021,367.0
Грузия,2022,323.0
Грузия,2023,460.0
Грузия,2025,653.0
GHA,2015,2.0
GHA,2017,1.0
GHA,2023,1.0
Греция,2002,76.0
Греция,2003,101.0
Греция,2004,136.0
Греция,2005,151.0
Греция,2006,211.0
Греция,2007,299.0
Греция,2010,385.0
Греция,2011,433.0
Греция,2012,465.0
Греция,2016,547.0
Греция,2017,438.0
Греция,2018,464.0
Греция,2019,466.0
Греция,2020,405.0
Греция,2021,504.0
Греция,2022,620.0
Греция,2023,583.0
GRD,2009,3.0
GRD,2015,5.0
GRD,2016,5.0
GRD,2017,10.0
GRD,2018,10.0
GTM,2023,2.0
GUY,2010,1.0
HKG,2010,3.0
HKG,2011,7.0
HKG,2012,13.0
HKG,2013,21.0
HKG,2014,24.0
HKG,2015,32.0
HKG,2016,39.0
HKG,2017,46.00099945068359
HKG,2018,52.00099945068359
HKG,2019,53.0
HKG,2020,54.0
HKG,2021,60.0
HKG,2022,61.0
HKG,2023,63.0
HKG,2024,77.0
HND,2019,1.0
Хорватия,2001,1.0
Хорватия,2002,3.0
Хорватия,2003,1.0
Хорватия,2006,2.0
Хорватия,2008,1.0
Хорватия,2009,3.0
Хорватия,2010,1.0
Хорватия,2011,2.0
Хорватия,2012,3.0
Хорватия,2013,1.0
Хорватия,2014,8.0
Хорватия,2015,3.0
Хорватия,2016,7.0
Хорватия,2017,29.0
Хорватия,2018,30.0
Хорватия,2019,40.0
Хорватия,2020,29.0
Хорватия,2021,19.0
Хорватия,2022,28.0
Хорватия,2023,23.0
Венгрия,2001,207.0
Венгрия,2002,217.0
Венгрия,2003,229.0
Венгрия,2004,231.0
Венгрия,2005,212.0
Венгрия,2006,238.0
Венгрия,2007,208.0
Венгрия,2008,204.0
Венгрия,2009,150.0
Венгрия,2010,127.0
Венгрия,2011,110.0
Венгрия,2012,80.0
Венгрия,2013,199.0
Венгрия,2014,173.0
Венгрия,2015,135.0
Венгрия,2016,187.0
Венгрия,2017,277.0
Венгрия,2018,391.0
Венгрия,2019,492.0
Венгрия,2020,552.0
Венгрия,2021,544.0
Венгрия,2022,556.0
Венгрия,2023,562.0
Венгрия,2024,726.0
IDN,2015,11.0
IDN,2016,11.0
IDN,2017,11.0
IDN,2018,10.0
IND,2000,10.0
IND,2001,12.0
IND,2002,10.0
IND,2003,7.0
IND,2004,5.0
IND,2005,6.0
IND,2006,6.0
IND,2011,27.0
IND,2012,18.0
IND,2013,32.0
IND,2014,27.0
IND,2015,43.0
IND,2016,29.0
IND,2017,33.0
IND,2018,35.0
IND,2019,43.0
IND,2020,36.0
IND,2021,26.0
IND,2022,23.0
IND,2023,23.0
Ирландия,2000,33.0
Ирландия,2001,55.0
Ирландия,2002,56.0
Ирландия,2003,68.0
Ирландия,2004,80.0
Ирландия,2005,122.0
Ирландия,2006,101.0
Ирландия,2007,70.0
Ирландия,2008,75.0
Ирландия,2009,83.0
Ирландия,2010,31.0
Ирландия,2011,74.0
Ирландия,2012,58.0
Ирландия,2013,59.0
Ирландия,2014,59.0
Ирландия,2015,87.0
Ирландия,2016,89.0
Ирландия,2017,87.0
Ирландия,2018,104.0
Ирландия,2019,106.0
Ирландия,2020,107.0
Ирландия,2021,130.0
Ирландия,2022,145.0
IRN,2004,19.0
IRN,2005,4.0
IRN,2006,6.0
IRN,2007,3.0
IRN,2008,2.0
IRN,2011,15.0
IRN,2012,7.0
IRN,2013,12.0
IRN,2014,4.0
IRN,2015,2.0
IRN,2016,6.0
IRN,2017,9.0
IRN,2018,14.0
IRN,2019,26.0
IRN,2020,42.0
IRN,2021,78.0
IRN,2022,93.0
ISL,2000,10.0
ISL,2001,12.0
ISL,2002,11.0
ISL,2003,21.0
ISL,2004,30.0
ISL,2006,20.0
ISL,2007,25.0
ISL,2008,20.0
ISL,2009,19.0
ISL,2010,12.0
ISL,2011,19.0
ISL,2012,30.0
ISL,2013,27.0
ISL,2014,43.0
ISL,2016,37.0
ISL,2017,27.0
ISL,2018,34.0
ISL,2019,36.0
ISL,2020,48.0
ISL,2021,45.0
ISL,2022,42.0
ISL,2023,44.0
ISR,2010,21.0
ISR,2011,35.0
ISR,2012,27.0
ISR,2013,867.0
ISR,2014,750.0
Италия,2000,118.0
Италия,2001,200.0
Италия,2002,237.0
Италия,2003,369.0
Италия,2004,512.0
Италия,2005,600.0
Италия,2006,793.0
Италия,2007,930.0
Италия,2008,949.0
Италия,2009,1144.0
Италия,2010,1132.0
Италия,2011,1515.0
Италия,2012,1737.0
Италия,2013,2103.0
Италия,2014,2019.0
Италия,2015,2178.0
Италия,2016,2210.0
Италия,2017,2303.0
Италия,2018,2493.0
Италия,2019,1052.0
Италия,2020,1554.0
Италия,2021,1908.0
Италия,2022,2489.0
Италия,2023,3047.0
JOR,2000,39.0
JOR,2003,42.0
JOR,2004,39.0
JOR,2005,50.0
JOR,2006,62.0
JOR,2007,37.0
JOR,2010,36.0
JOR,2012,37.0
JOR,2015,55.0
JOR,2016,81.0
JOR,2017,61.0
JOR,2018,71.0
JOR,2019,64.0
JOR,2020,81.0
JOR,2021,100.0
JOR,2022,85.0
JOR,2023,85.0
JOR,2024,72.0
Япония,2013,332.0
Япония,2014,336.0
Япония,2015,359.0
Япония,2016,398.0
Япония,2017,463.0
Япония,2018,489.0
Япония,2019,521.0
Япония,2020,514.0
Япония,2021,457.0
Япония,2022,483.0
Япония,2023,591.0
Казахстан,2000,728.0
Казахстан,2001,866.0
Казахстан,2003,1659.0
Казахстан,2004,2177.0
Казахстан,2005,2516.0
Казахстан,2006,2880.0
Казахстан,2007,2857.0
Казахстан,2008,1914.0
Казахстан,2009,2074.0
Казахстан,2010,3600.0
Казахстан,2011,3373.0
Казахстан,2012,1993.0
Казахстан,2013,1315.0
Казахстан,2014,1202.0
Казахстан,2015,1270.0
Казахстан,2016,1097.0
Казахстан,2017,1136.0
Казахстан,2018,1234.0
Казахстан,2019,1511.0
Казахстан,2020,1487.0
Казахстан,2024,2123.0
Киргизия,2001,814.0
Киргизия,2002,245.0
Киргизия,2003,371.0
Киргизия,2004,277.0
Киргизия,2005,362.0
Киргизия,2006,356.0
Киргизия,2007,399.0
Киргизия,2008,649.0
Киргизия,2009,748.0
Киргизия,2010,842.0
Киргизия,2011,818.0
Киргизия,2012,847.0
Киргизия,2013,927.0
Киргизия,2014,1302.0
Киргизия,2015,1377.0
Киргизия,2016,1186.0
Киргизия,2017,910.0
Киргизия,2018,1535.0
Киргизия,2019,1622.0
Киргизия,2020,1844.0
Киргизия,2021,2005.0
Киргизия,2022,1672.0
Киргизия,2023,2474.0
Киргизия,2024,2623.0
Южная Корея,2000,77.0
Южная Корея,2001,65.0
Южная Корея,2002,100.0
Южная Корея,2003,153.0
Южная Корея,2004,166.0
Южная Корея,2005,185.0
Южная Корея,2006,254.0
Южная Корея,2007,243.0
Южная Корея,2008,248.0
Южная Корея,2009,252.0
Южная Корея,2010,346.0
Южная Корея,2011,340.0
Южная Корея,2012,330.0
Южная Корея,2013,314.0
Южная Корея,2014,320.0
Южная Корея,2015,349.0
Южная Корея,2016,420.0
Южная Корея,2017,443.0
Южная Корея,2018,473.0
Южная Корея,2019,481.0
Южная Корея,2020,505.0
Южная Корея,2021,614.0
Южная Корея,2022,787.0
Южная Корея,2023,1015.0
Южная Корея,2024,1351.0
KWT,2008,5.0
KWT,2009,2.0
LAO,2009,1.0
LAO,2010,1.0
LAO,2011,1.0
LAO,2012,2.0
LAO,2014,1.0
LAO,2017,1.0
LIE,2004,3.0
LIE,2006,1.0
LIE,2008,1.0
LIE,2009,1.0
LIE,2010,1.0
LIE,2012,3.0
LIE,2014,7.0
LIE,2015,4.0
LIE,2016,3.0
LIE,2017,6.0
LIE,2018,5.0
LIE,2019,6.0
LIE,2020,4.0
LIE,2021,3.0
LKA,2019,1.0
Литва,2000,41.0
Литва,2001,34.0
Литва,2002,35.0
Литва,2003,37.0
Литва,2004,28.0
Литва,2005,32.0
Литва,2006,31.0
Литва,2007,41.0
Литва,2008,42.0
Литва,2009,48.0
Литва,2010,60.0
Литва,2011,76.0
Литва,2012,135.0
Литва,2013,236.0
Литва,2014,229.0
Литва,2015,182.0
Литва,2016,160.0
Литва,2017,191.0
Литва,2018,179.0
Литва,2020,176.0
Литва,2021,265.0
Литва,2022,317.0
Литва,2023,375.0
Литва,2024,393.0
LUX,2006,7.0
LUX,2008,19.0
LUX,2010,26.0
LUX,2012,6.0
LUX,2013,36.0
LUX,2014,45.0
LUX,2015,55.0
LUX,2016,49.0
LUX,2017,45.0
LUX,2018,57.0
LUX,2019,58.0
LUX,2020,56.0
LUX,2021,57.0
LUX,2022,58.0
LUX,2023,77.0
LUX,2024,87.0
Латвия,2000,430.0
Латвия,2001,189.0
Латвия,2002,394.0
Латвия,2003,330.0
Латвия,2004,276.0
Латвия,2005,323.0
Латвия,2007,382.0
Латвия,2008,382.0
Латвия,2009,397.0
Латвия,2010,360.0
Латвия,2011,361.0
Латвия,2012,357.0
Латвия,2013,387.0
Латвия,2014,482.0
Латвия,2015,509.0
Латвия,2016,571.0
Латвия,2017,516.0
Латвия,2018,515.0
Латвия,2019,538.0
Латвия,2020,548.0
Латвия,2021,531.0
Латвия,2022,477.0
Латвия,2023,364.0
Латвия,2024,334.0
MAC,2004,1.0
MAC,2006,1.0
MAC,2007,1.0
MAC,2008,1.0
MAC,2009,2.0
MAC,2010,3.0
MAC,2011,9.0
MAC,2012,9.0
MAC,2013,7.0
MAC,2014,5.0
MAC,2015,7.0
MAC,2016,8.0
MAC,2017,4.0
MAC,2018,2.0
MAC,2019,2.0
MAC,2020,3.0
MAC,2021,2.0
MAC,2022,2.0
MAC,2023,1.0
MAC,2024,5.0
MAR,2007,3.0
MAR,2008,6.0
MAR,2009,3.0
MAR,2010,1.0
MAR,2013,2.0
MAR,2014,2.0
MAR,2015,5.0
MAR,2016,11.0
MAR,2017,5.0
MAR,2018,11.0
MAR,2019,15.0
MAR,2020,10.0
MAR,2021,10.0
MAR,2022,9.0
MAR,2023,9.0
MAR,2024,8.0
MCO,2020,12.0
MCO,2021,12.0
MCO,2022,10.0
MCO,2023,10.0
MCO,2024,13.0
Молдова,2001,43.0
Молдова,2002,60.0
Молдова,2003,71.0
Молдова,2004,137.0
Молдова,2006,174.0
Молдова,2007,181.0
Молдова,2008,168.0
Молдова,2009,141.0
Молдова,2010,141.0
Молдова,2011,118.0
Молдова,2012,113.0
Молдова,2013,103.0
Молдова,2014,83.0
Молдова,2015,74.0
Молдова,2016,70.0
Молдова,2017,54.0
Молдова,2018,58.0
Молдова,2019,59.0
Молдова,2020,53.0
Молдова,2021,60.0
Молдова,2022,81.0
Молдова,2023,112.0
Молдова,2024,125.0
MKD,2001,1.0
MKD,2006,1.0
MKD,2007,1.0
MKD,2008,1.0
MKD,2012,1.0
MKD,2013,1.0
MKD,2015,1.0
MKD,2017,5.0
MKD,2018,1.0
MKD,2019,3.0
MLT,2000,1.0
MLT,2001,54.0
MLT,2002,39.0
MLT,2003,57.0
MLT,2004,45.0
MLT,2006,42.0
MLT,2008,35.0
MLT,2009,38.0
MLT,2011,25.0
MLT,2012,29.0
MLT,2013,34.0
MLT,2014,40.0
MLT,2015,34.0
MLT,2016,33.0
MLT,2017,32.0
MLT,2018,29.0
MLT,2019,30.0
MLT,2020,27.96923065185547
MLT,2021,26.0
MLT,2022,32.0
MLT,2023,40.0
MNG,2000,94.0
MNG,2001,87.0
MNG,2003,47.0
MNG,2004,162.0
MNG,2005,429.0
MNG,2006,623.0
MNG,2007,553.0
MNG,2008,519.0
MNG,2009,454.0
MNG,2010,411.0
MNG,2011,395.0
MNG,2012,372.0
MNG,2013,287.0
MNG,2014,250.0
MNG,2015,254.0
MNG,2016,206.0
MNG,2017,182.0
MNG,2018,180.0
MNG,2019,236.0
MNG,2022,183.0
MNG,2023,278.0
MNG,2024,310.0
MOZ,2013,2.0
MOZ,2014,4.0
MOZ,2016,4.0
MOZ,2018,2.0
MUS,2011,1.0
MUS,2012,1.0
MUS,2013,2.0
MUS,2014,1.0
MUS,2015,1.0
MUS,2016,2.0
MUS,2017,1.0
MUS,2022,2.0
MYS,2000,32.0
MYS,2001,4.0
MYS,2002,25.0
MYS,2003,34.0
MYS,2004,31.0
MYS,2006,33.0
MYS,2007,34.0
MYS,2008,45.0
MYS,2009,42.0
MYS,2010,56.0
MYS,2011,76.0
MYS,2012,89.0
MYS,2014,168.0
MYS,2015,132.0
MYS,2016,154.0
MYS,2017,144.0
MYS,2019,14.0
MYS,2020,17.0
MYS,2021,67.0
MYS,2022,70.0
MYS,2023,117.0
MYS,2024,220.0
NAM,2013,1.0
NAM,2018,1.0
NAM,2019,1.0
NAM,2020,2.0
NIC,2023,4.0
Нидерланды,2000,175.0
Нидерланды,2001,227.0
Нидерланды,2002,255.0
Нидерланды,2003,271.0
Нидерланды,2004,170.0
Нидерланды,2005,291.0
Нидерланды,2006,237.0
Нидерланды,2007,184.0
Нидерланды,2008,211.0
Нидерланды,2009,199.0
Нидерланды,2010,199.0
Нидерланды,2011,336.0
Нидерланды,2012,556.0
Нидерланды,2013,616.0
Нидерланды,2014,668.0
Нидерланды,2015,794.0
Нидерланды,2016,879.0
Нидерланды,2017,882.0
Нидерланды,2018,947.0
Нидерланды,2019,877.0
Норвегия,2000,339.0
Норвегия,2001,335.0
Норвегия,2002,458.0
Норвегия,2003,544.0
Норвегия,2004,674.0
Норвегия,2005,750.0
Норвегия,2006,772.0
Норвегия,2007,798.0
Норвегия,2008,868.0
Норвегия,2009,943.0
Норвегия,2010,894.0
Норвегия,2011,1004.0
Норвегия,2012,1061.0
Норвегия,2013,624.0
Норвегия,2014,608.0
Норвегия,2015,548.0
Норвегия,2016,516.0
Норвегия,2017,369.0
Норвегия,2018,481.0
Норвегия,2019,227.0
Норвегия,2020,306.0
Норвегия,2021,272.0
Норвегия,2022,285.0
Норвегия,2023,251.0
Норвегия,2024,242.0
NZL,2000,20.0
NZL,2001,29.0
NZL,2002,58.0
NZL,2003,101.0
NZL,2004,174.0
NZL,2005,203.0
NZL,2007,272.0
NZL,2008,299.0
NZL,2009,284.0
NZL,2010,312.0
NZL,2011,338.0
NZL,2012,336.0
NZL,2013,324.7935791015625
NZL,2014,311.8814086914063
NZL,2015,319.6883544921875
NZL,2016,314.7445678710938
NZL,2017,342.4032592773438
NZL,2018,393.2961120605469
NZL,2019,338.2931823730469
NZL,2020,268.898681640625
NZL,2021,156.4780426025391
NZL,2022,99.0
NZL,2023,206.2333068847656
NZL,2024,279.9284057617188
OMN,2013,1.0
OMN,2016,1.0
OMN,2017,3.0
OMN,2018,3.0
OMN,2019,3.0
OMN,2020,3.0
OMN,2021,5.0
OMN,2023,1.0
OMN,2024,3.0
PAN,2019,2.0
PAN,2020,4.0
PAN,2021,5.0
PAN,2022,6.0
PHL,2001,2.0
PHL,2002,3.0
PHL,2003,2.0
PHL,2005,1.0
PHL,2008,1.0
PHL,2024,34.0
Польша,2000,262.0
Польша,2001,289.0
Польша,2002,291.0
Польша,2003,346.0
Польша,2004,381.0
Польша,2005,452.0
Польша,2006,456.0
Польша,2007,488.0
Польша,2008,459.0
Польша,2009,494.0
Польша,2010,543.0
Польша,2011,476.0
Польша,2012,553.0
Польша,2013,585.0
Польша,2014,754.0
Польша,2015,898.0
Польша,2016,977.0
Польша,2017,1042.0
Польша,2018,799.0
Польша,2019,792.0
Польша,2020,1038.0
Польша,2021,1431.0
Польша,2022,1570.0
Польша,2023,1305.0
Польша,2024,1118.0
PRK,2009,20.0
Португалия,2000,10.0
Португалия,2002,18.0
Португалия,2003,28.0
Португалия,2004,37.0
Португалия,2005,55.0
Португалия,2006,65.0
Португалия,2007,85.0
Португалия,2008,60.0
Португалия,2009,50.0
Португалия,2010,55.0
Португалия,2011,83.0
Португалия,2012,111.0
Португалия,2013,106.0
Португалия,2014,81.0
Португалия,2015,90.0
Португалия,2016,82.0
Португалия,2017,99.0
Португалия,2018,88.0
Португалия,2019,95.0
Португалия,2020,129.0
Португалия,2021,130.0
Португалия,2022,140.0
Португалия,2023,211.0
QAT,2002,2.0
QAT,2004,3.0
QAT,2008,5.0
QAT,2009,4.0
QAT,2010,6.0
QAT,2011,9.0
QAT,2012,4.0
QAT,2013,5.0
QAT,2014,6.0
QAT,2015,8.0
QAT,2016,4.0
QAT,2017,8.0
QAT,2018,5.0
QAT,2019,8.0
QAT,2020,12.0
QAT,2021,16.0
QAT,2022,16.0
QAT,2023,25.0
QAT,2024,26.0
Румыния,2000,25.0
Румыния,2001,19.0
Румыния,2002,12.0
Румыния,2003,9.0
Румыния,2004,9.0
Румыния,2005,16.0
Румыния,2006,16.0
Румыния,2007,14.0
Румыния,2008,2.0
Румыния,2009,14.0
Румыния,2010,15.0
Румыния,2011,11.0
Румыния,2013,25.0
Румыния,2014,22.0
Румыния,2015,15.0
Румыния,2016,25.0
Румыния,2017,35.0
Румыния,2018,30.0
Румыния,2019,27.0
Румыния,2020,36.0
Румыния,2021,44.0
Румыния,2022,46.0
Румыния,2023,58.0
RWA,2012,2.0
SAU,2003,120.0
SAU,2004,148.0
SAU,2005,116.0
SAU,2007,78.0
SAU,2008,83.0
SAU,2009,88.0
SAU,2010,119.0
SAU,2011,225.0
SAU,2012,300.0
SAU,2013,520.0
SAU,2014,601.0
SAU,2015,572.0
SAU,2016,584.0
SAU,2017,577.0
SAU,2018,537.0
SAU,2019,356.0
SAU,2020,444.0
SAU,2021,444.0
SAU,2022,479.0
SAU,2024,604.0
SEN,2024,2.0
SLV,2001,1.0
SLV,2006,1.0
SRB,2007,10.0
SRB,2008,18.0
SRB,2009,20.0
SRB,2010,26.0
SRB,2011,22.0
SRB,2012,24.0
SRB,2013,24.0
SRB,2014,26.0
SRB,2015,93.0
SRB,2016,93.0
SRB,2017,120.0
SRB,2018,123.0
SRB,2019,130.0
SRB,2020,140.0
SRB,2021,130.0
SRB,2022,131.0
SRB,2023,189.0
SRB,2024,342.0
Словакия,2000,28.0
Словакия,2001,35.0
Словакия,2002,47.0
Словакия,2003,32.0
Словакия,2004,26.0
Словакия,2005,24.0
Словакия,2006,14.0
Словакия,2007,21.0
Словакия,2008,35.0
Словакия,2009,40.0
Словакия,2010,28.0
Словакия,2011,23.0
Словакия,2012,25.0
Словакия,2013,63.0
Словакия,2014,83.0
Словакия,2015,99.0
Словакия,2016,106.0
Словакия,2017,99.0
Словакия,2018,138.0
Словакия,2019,228.0
Словакия,2020,370.0
Словакия,2021,580.0
Словакия,2022,714.0
Словакия,2023,961.0
Словакия,2024,1253.0
Словения,2000,10.0
Словения,2001,7.0
Словения,2002,16.0
Словения,2003,17.0
Словения,2004,9.0
Словения,2005,10.0
Словения,2006,11.0
Словения,2007,14.0
Словения,2008,19.0
Словения,2009,28.0
Словения,2010,23.0
Словения,2011,25.0
Словения,2012,37.0
Словения,2013,38.0
Словения,2014,40.0
Словения,2015,47.0
Словения,2016,56.0
Словения,2017,90.0
Словения,2018,111.0
Словения,2019,160.0
Словения,2020,192.0
Словения,2021,227.0
Словения,2022,235.0
Словения,2023,356.0
Швеция,2000,462.0
Швеция,2001,524.0
Швеция,2002,584.0
Швеция,2003,643.0
Швеция,2004,54.0
Швеция,2005,67.0
Швеция,2006,37.0
Швеция,2007,65.0
Швеция,2008,255.0
Швеция,2009,385.0
Швеция,2010,471.0
Швеция,2011,643.0
Швеция,2012,512.0
Швеция,2013,420.0
Швеция,2014,390.0
Швеция,2015,364.0
Швеция,2016,357.0
Швеция,2017,340.0
Швеция,2018,334.0
Швеция,2019,303.0281677246094
Швеция,2020,288.8740234375
Швеция,2021,279.0863342285156
Швеция,2022,298.8550720214844
Швеция,2023,291.6416625976563
Швеция,2024,307.2713012695313
SXM,2012,1.0
THA,2001,15.0
THA,2002,20.0
THA,2004,14.0
THA,2005,20.0
THA,2006,24.0
THA,2007,22.0
THA,2008,30.0
THA,2009,35.0
THA,2010,47.0
THA,2011,51.0
THA,2012,61.0
THA,2015,105.0
THA,2016,149.0
THA,2020,62.0
THA,2022,110.0
THA,2023,113.0
THA,2024,177.0
Таджикистан,2000,161.0
Таджикистан,2001,101.0
Таджикистан,2002,1451.0
Таджикистан,2003,599.0
Таджикистан,2004,297.0
Таджикистан,2005,88.0
Таджикистан,2006,94.0
Таджикистан,2007,111.0
Таджикистан,2008,162.0
Таджикистан,2009,142.0
Таджикистан,2010,126.0
Таджикистан,2011,126.0
Таджикистан,2012,105.0
Таджикистан,2013,107.0
Таджикистан,2014,92.0
Таджикистан,2015,108.0
Таджикистан,2016,121.0
Таджикистан,2017,111.0
Туркменистан,2014,1.0
Туркменистан,2019,1.0
Туркменистан,2020,1.0
Туркменистан,2021,1.0
TTO,2019,1.0
TTO,2021,1.0
TUN,2013,7.0
TUN,2016,1.0
TUN,2017,2.0
TUN,2018,2.0
TUN,2022,1.0
TUN,2023,1.0
Турция,2000,1004.0
Турция,2001,924.0
Турция,2002,846.0
Турция,2003,720.0
Турция,2004,662.0
Турция,2005,625.0
Турция,2006,604.0
Турция,2007,556.0
Турция,2008,524.0
Турция,2009,491.0
Турция,2010,495.0
Турция,2011,516.0
Турция,2012,567.0
Турция,2013,60.0
Турция,2014,931.0
Турция,2015,1158.0
Турция,2016,1275.0
Турция,2017,1376.0
Турция,2018,1431.0
Турция,2019,1409.0
Турция,2020,1439.0
Турция,2021,1648.0
Турция,2022,1711.0
Турция,2023,3083.0
TZA,2001,71.0
TZA,2003,37.0
TZA,2004,40.0
TZA,2024,3.0
Украина,2005,3673.0
Украина,2006,4362.0
Украина,2007,4534.0
Украина,2008,4734.0
Украина,2009,4717.0
Украина,2010,3931.0
Украина,2011,3453.0
Украина,2012,2990.0
Украина,2013,2878.0
Украина,2014,2930.0
Украина,2015,1814.0
Украина,2016,1509.0
Украина,2017,1114.0
Украина,2018,783.0
Украина,2019,657.0
Украина,2020,623.0
Украина,2021,1191.0
Украина,2023,655.0
Украина,2024,651.0
США,2005,5299.0
США,2013,4687.55126953125
США,2014,4885.0
США,2015,5203.39306640625
США,2016,5156.380859375
США,2017,5081.23046875
США,2018,5074.3916015625
США,2020,4901.38623046875
США,2021,4466.392578125
США,2023,4542.87548828125
Узбекистан,2006,16.0
Узбекистан,2007,30.0
Узбекистан,2008,56.0
Узбекистан,2009,60.0
Узбекистан,2010,64.0
Узбекистан,2011,52.0
Узбекистан,2012,87.0
Узбекистан,2013,108.0
Узбекистан,2014,115.0
Узбекистан,2015,129.0
Узбекистан,2016,134.0
Узбекистан,2017,133.0
Узбекистан,2018,174.0
Узбекистан,2019,220.0
Узбекистан,2021,442.0
Узбекистан,2022,572.0
Узбекистан,2023,648.0
Узбекистан,2024,750.0
VNM,2000,7.0
VNM,2001,8.0
VNM,2002,13.0
VNM,2005,2.0
VNM,2007,2.0
VNM,2008,8.0
VNM,2010,7.0
VNM,2011,7.0
VNM,2012,4.0
VNM,2013,17.0
VNM,2014,5.0
VNM,2016,2.0
VNM,2017,2.0
VNM,2019,7.0
VNM,2020,12.0
VNM,2021,22.0
VNM,2022,22.0
ZAF,2011,62.0
ZAF,2012,23.0
ZAF,2013,30.0
ZAF,2014,26.0
ZAF,2015,27.0
ZAF,2016,31.0
ZAF,2017,34.0
ZAF,2018,34.0
ZAF,2019,27.0
ZAF,2020,20.0
ZAF,2021,19.0
ZAF,2022,13.0
ZAF,2023,9.0
